https://movie.douban.com/subject/1292052/,https://img2.doubanio.com/view/photo/s_ratio_poster/public/p480747492.jpg,肖申克的救赎,导演: 弗兰克·德拉邦特 Frank Darabont,1994,9.7,2584776,希望让人自由。
https://movie.douban.com/subject/1291546/,https://img3.doubanio.com/view/photo/s_ratio_poster/public/p2561716440.jpg,霸王别姬,导演: 陈凯歌 Kaige Chen,1993,9.6,1919214,风华绝代。
https://movie.douban.com/subject/1292720/,https://img2.doubanio.com/view/photo/s_ratio_poster/public/p2372307693.jpg,阿甘正传,导演: 罗伯特·泽米吉斯 Robert Zemeckis,1994,9.5,1942201,一部美国近现代史。
https://movie.douban.com/subject/1292722/,https://img9.doubanio.com/view/photo/s_ratio_poster/public/p457760035.jpg,泰坦尼克号,导演: 詹姆斯·卡梅隆 James Cameron,1997,9.4,1903618,失去的才是永恒的。 
https://movie.douban.com/subject/1295644/,https://img2.doubanio.com/view/photo/s_ratio_poster/public/p511118051.jpg,这个杀手不太冷,导演: 吕克·贝松 Luc Besson,1994,9.4,2097422,怪蜀黍和小萝莉不得不说的故事。
https://movie.douban.com/subject/1292063/,https://img2.doubanio.com/view/photo/s_ratio_poster/public/p2578474613.jpg,美丽人生,导演: 罗伯托·贝尼尼 Roberto Benigni,1997,9.6,1193056,最美的谎言。
https://movie.douban.com/subject/1291561/,https://img1.doubanio.com/view/photo/s_ratio_poster/public/p2557573348.jpg,千与千寻,导演: 宫崎骏 Hayao Miyazaki,2001,9.4,2021354,最好的宫崎骏，最好的久石让。 
https://movie.douban.com/subject/1295124/,https://img2.doubanio.com/view/photo/s_ratio_poster/public/p492406163.jpg,辛德勒的名单,导演: 史蒂文·斯皮尔伯格 Steven Spielberg,1993,9.6,994964,拯救一个人，就是拯救整个世界。
https://movie.douban.com/subject/3541415/,https://img9.doubanio.com/view/photo/s_ratio_poster/public/p513344864.jpg,盗梦空间,导演: 克里斯托弗·诺兰 Christopher Nolan,2010,9.4,1863491,诺兰给了我们一场无法盗取的梦。
https://movie.douban.com/subject/3011091/,https://img3.doubanio.com/view/photo/s_ratio_poster/public/p2587099240.jpg,忠犬八公的故事,导演: 莱塞·霍尔斯道姆 Lasse Hallström,2009,9.4,1276120,永远都不能忘记你所爱的人。
https://movie.douban.com/subject/1889243/,https://img1.doubanio.com/view/photo/s_ratio_poster/public/p2614988097.jpg,星际穿越,导演: 克里斯托弗·诺兰 Christopher Nolan,2014,9.4,1548756,爱是一种力量，让我们超越时空感知它的存在。
https://movie.douban.com/subject/1292064/,https://img2.doubanio.com/view/photo/s_ratio_poster/public/p479682972.jpg,楚门的世界,导演: 彼得·威尔 Peter Weir,1998,9.3,1470415,如果再也不能见到你，祝你早安，午安，晚安。
https://movie.douban.com/subject/1292001/,https://img9.doubanio.com/view/photo/s_ratio_poster/public/p2574551676.jpg,海上钢琴师,导演: 朱塞佩·托纳多雷 Giuseppe Tornatore,1998,9.3,1514425,每个人都要走一条自己坚定了的路，就算是粉身碎骨。 
https://movie.douban.com/subject/3793023/,https://img2.doubanio.com/view/photo/s_ratio_poster/public/p579729551.jpg,三傻大闹宝莱坞,导演: 拉库马·希拉尼 Rajkumar Hirani,2009,9.2,1692561,英俊版憨豆，高情商版谢耳朵。
https://movie.douban.com/subject/2131459/,https://img2.doubanio.com/view/photo/s_ratio_poster/public/p1461851991.jpg,机器人总动员,导演: 安德鲁·斯坦顿 Andrew Stanton,2008,9.3,1193566,小瓦力，大人生。
https://movie.douban.com/subject/1291549/,https://img2.doubanio.com/view/photo/s_ratio_poster/public/p1910824951.jpg,放牛班的春天,导演: 克里斯托夫·巴拉蒂 Christophe Barratier,2004,9.3,1178237,天籁一般的童声，是最接近上帝的存在。 
https://movie.douban.com/subject/1307914/,https://img2.doubanio.com/view/photo/s_ratio_poster/public/p2564556863.jpg,无间道,导演: 刘伟强 / 麦兆辉,2002,9.3,1189620,香港电影史上永不过时的杰作。
https://movie.douban.com/subject/25662329/,https://img1.doubanio.com/view/photo/s_ratio_poster/public/p2614500649.jpg,疯狂动物城,导演: 拜伦·霍华德 Byron Howard / 瑞奇·摩尔 Rich Moore,2016,9.2,1699692,迪士尼给我们营造的乌托邦就是这样，永远善良勇敢，永远出乎意料。
https://movie.douban.com/subject/1292213/,https://img9.doubanio.com/view/photo/s_ratio_poster/public/p2455050536.jpg,大话西游之大圣娶亲,导演: 刘镇伟 Jeffrey Lau,1995,9.2,1383823,一生所爱。
https://movie.douban.com/subject/5912992/,https://img9.doubanio.com/view/photo/s_ratio_poster/public/p1363250216.jpg,熔炉,导演: 黄东赫 Dong-hyuk Hwang,2011,9.3,841817,我们一路奋战不是为了改变世界，而是为了不让世界改变我们。
https://movie.douban.com/subject/1291841/,https://img9.doubanio.com/view/photo/s_ratio_poster/public/p616779645.jpg,教父,导演: 弗朗西斯·福特·科波拉 Francis Ford Coppola,1972,9.3,853849,千万不要记恨你的对手，这样会让你失去理智。
https://movie.douban.com/subject/1296141/,https://img1.doubanio.com/view/photo/s_ratio_poster/public/p1505392928.jpg,控方证人,导演: 比利·怀尔德 Billy Wilder,1957,9.6,445699,比利·怀德满分作品。
https://movie.douban.com/subject/1849031/,https://img9.doubanio.com/view/photo/s_ratio_poster/public/p2614359276.jpg,当幸福来敲门,导演: 加布里尔·穆奇诺 Gabriele Muccino,2006,9.2,1371939,平民励志片。 
https://movie.douban.com/subject/3319755/,https://img1.doubanio.com/view/photo/s_ratio_poster/public/p501177648.jpg,怦然心动,导演: 罗伯·莱纳 Rob Reiner,2010,9.1,1642853,真正的幸福是来自内心深处。
https://movie.douban.com/subject/6786002/,https://img9.doubanio.com/view/photo/s_ratio_poster/public/p1454261925.jpg,触不可及,导演: 奥利维·那卡什 Olivier Nakache / 艾力克·托兰达 Eric Toledano,2011,9.3,948996,满满温情的高雅喜剧。
https://movie.douban.com/subject/1291560/,https://img9.doubanio.com/view/photo/s_ratio_poster/public/p2540924496.jpg,龙猫,导演: 宫崎骏 Hayao Miyazaki,1988,9.2,1141425,人人心中都有个龙猫，童年就永远不会消失。
https://movie.douban.com/subject/1293172/,https://img2.doubanio.com/view/photo/s_ratio_poster/public/p452089833.jpg,末代皇帝,导演: 贝纳尔多·贝托鲁奇 Bernardo Bertolucci,1987,9.3,761533,“不要跟我比惨，我比你更惨”再适合这部电影不过了。
https://movie.douban.com/subject/1851857/,https://img2.doubanio.com/view/photo/s_ratio_poster/public/p462657443.jpg,蝙蝠侠：黑暗骑士,导演: 克里斯托弗·诺兰 Christopher Nolan,2008,9.2,945461,无尽的黑暗。
https://movie.douban.com/subject/20495023/,https://img9.doubanio.com/view/photo/s_ratio_poster/public/p2614500706.jpg,寻梦环游记,导演: 李·昂克里奇 Lee Unkrich / 阿德里安·莫利纳 Adrian Molina,2017,9.1,1463230,死亡不是真的逝去，遗忘才是永恒的消亡。
https://movie.douban.com/subject/1292365/,https://img1.doubanio.com/view/photo/s_ratio_poster/public/p2597919477.jpg,活着,导演: 张艺谋 Yimou Zhang,1994,9.3,737256,张艺谋最好的电影。
https://movie.douban.com/subject/1295038/,https://img9.doubanio.com/view/photo/s_ratio_poster/public/p2614949805.jpg,哈利·波特与魔法石,导演: Chris Columbus,2001,9.1,1024731,童话世界的开端。
https://movie.douban.com/subject/1291552/,https://img2.doubanio.com/view/photo/s_ratio_poster/public/p2642829472.jpg,指环王3：王者无敌,导演: 彼得·杰克逊 Peter Jackson,2003,9.3,718573,史诗的终章。
https://movie.douban.com/subject/1300267/,https://img3.doubanio.com/view/photo/s_ratio_poster/public/p1963126880.jpg,乱世佳人,导演: 维克多·弗莱明 Victor Fleming / 乔治·库克 George Cukor,1939,9.3,620824,Tomorrow is another day.
https://movie.douban.com/subject/21937452/,https://img9.doubanio.com/view/photo/s_ratio_poster/public/p2118532944.jpg,素媛,导演: 李濬益 Jun-ik Lee,2013,9.3,607573,受过伤害的人总是笑得最开心，因为他们不愿意让身边的人承受一样的痛苦。
https://movie.douban.com/subject/2129039/,https://img2.doubanio.com/view/photo/s_ratio_poster/public/p2363116942.jpg,飞屋环游记,导演: 彼特·道格特 Pete Docter / 鲍勃·彼德森 Bob Peterson,2009,9.1,1193390,最后那些最无聊的事情，才是最值得怀念的。 
https://movie.douban.com/subject/26387939/,https://img1.doubanio.com/view/photo/s_ratio_poster/public/p2401676338.jpg,摔跤吧！爸爸,导演: 涅提·蒂瓦里 Nitesh Tiwari,2016,9.0,1418036,你不是在为你一个人战斗，你要让千千万万的女性看到女生并不是只能相夫教子。
https://movie.douban.com/subject/30170448/,https://img1.doubanio.com/view/photo/s_ratio_poster/public/p2555295759.jpg,何以为家,导演: 娜丁·拉巴基 Nadine Labaki,2018,9.1,926935,凝视卑弱生命，用电影改变命运。
https://movie.douban.com/subject/26752088/,https://img9.doubanio.com/view/photo/s_ratio_poster/public/p2561305376.jpg,我不是药神,导演: 文牧野 Muye Wen,2018,9.0,1892365,对我们国家而言，这样的电影多一部是一部。
https://movie.douban.com/subject/1293182/,https://img2.doubanio.com/view/photo/s_ratio_poster/public/p2173577632.jpg,十二怒汉,导演: Sidney Lumet,1957,9.4,424822,1957年的理想主义。 
https://movie.douban.com/subject/1308807/,https://img3.doubanio.com/view/photo/s_ratio_poster/public/p2174346180.jpg,哈尔的移动城堡,导演: 宫崎骏 Hayao Miyazaki,2004,9.1,901179,带着心爱的人在天空飞翔。
https://movie.douban.com/subject/1929463/,https://img2.doubanio.com/view/photo/s_ratio_poster/public/p1784592701.jpg,少年派的奇幻漂流,导演: 李安 Ang Lee,2012,9.1,1229810,瑰丽壮观、无人能及的冒险之旅。
https://movie.douban.com/subject/1291858/,https://img1.doubanio.com/view/photo/s_ratio_poster/public/p2553104888.jpg,鬼子来了,导演: 姜文 Wen Jiang,2000,9.3,555248,对敌人的仁慈，就是对自己残忍。
https://movie.douban.com/subject/1299398/,https://img2.doubanio.com/view/photo/s_ratio_poster/public/p2561721372.jpg,大话西游之月光宝盒,导演: 刘镇伟 Jeffrey Lau,1995,9.0,1103172,旷古烁今。
https://movie.douban.com/subject/1305487/,https://img2.doubanio.com/view/photo/s_ratio_poster/public/p453924541.jpg,猫鼠游戏,导演: 史蒂文·斯皮尔伯格 Steven Spielberg,2002,9.1,862323,骗子大师和执著警探的你追我跑故事。 
https://movie.douban.com/subject/1291583/,https://img1.doubanio.com/view/photo/s_ratio_poster/public/p1446261379.jpg,天空之城,导演: 宫崎骏 Hayao Miyazaki,1986,9.1,741890,对天空的追逐，永不停止。 
https://movie.douban.com/subject/1291828/,https://img3.doubanio.com/view/photo/s_ratio_poster/public/p2653054340.jpg,天堂电影院,导演: 朱塞佩·托纳多雷 Giuseppe Tornatore,1988,9.2,620027,那些吻戏，那些青春，都在影院的黑暗里被泪水冲刷得无比清晰。
https://movie.douban.com/subject/1291572/,https://img9.doubanio.com/view/photo/s_ratio_poster/public/p2640236255.jpg,指环王2：双塔奇兵,导演: 彼得·杰克逊 Peter Jackson,2002,9.2,670515,承前启后的史诗篇章。
https://movie.douban.com/subject/1298624/,https://img1.doubanio.com/view/photo/s_ratio_poster/public/p2550757929.jpg,闻香识女人,导演: 马丁·布莱斯 Martin Brest,1992,9.1,778659,史上最美的探戈。
https://movie.douban.com/subject/1296736/,https://img2.doubanio.com/view/photo/s_ratio_poster/public/p792376093.jpg,钢琴家,导演: 罗曼·波兰斯基 Roman Polanski,2002,9.2,532305,音乐能化解仇恨。
https://movie.douban.com/subject/1293839/,https://img9.doubanio.com/view/photo/s_ratio_poster/public/p2189265085.jpg,罗马假日,导演: 威廉·惠勒 William Wyler,1953,9.1,865805,爱情哪怕只有一天。
https://movie.douban.com/subject/3742360/,https://img1.doubanio.com/view/photo/s_ratio_poster/public/p1512562287.jpg,让子弹飞,导演: 姜文 Wen Jiang,2010,8.9,1494964,你给我翻译翻译，神马叫做TMD的惊喜。
https://movie.douban.com/subject/25958717/,https://img9.doubanio.com/view/photo/s_ratio_poster/public/p2554525534.jpg,海蒂和爷爷,导演: 阿兰·葛斯彭纳 Alain Gsponer,2015,9.3,471594,如果生活中有什么使你感到快乐，那就去做吧！不要管别人说什么。
https://movie.douban.com/subject/1291571/,https://img3.doubanio.com/view/photo/s_ratio_poster/public/p2640234840.jpg,指环王1：护戒使者,导演: 彼得·杰克逊 Peter Jackson,2001,9.1,758575,传说的开始。
https://movie.douban.com/subject/1291843/,https://img1.doubanio.com/view/photo/s_ratio_poster/public/p451926968.jpg,黑客帝国,导演: 安迪·沃卓斯基 Andy Wachowski / 拉娜·沃卓斯基 Lana Wachowski,1999,9.1,755570,视觉革命。
https://movie.douban.com/subject/1418019/,https://img1.doubanio.com/view/photo/s_ratio_poster/public/p2184505167.jpg,大闹天宫,导演: 万籁鸣 Laiming Wan,1961(中国大陆) / 1964(中国大陆) / 1978(中国大陆),9.4,379413,经典之作，历久弥新。
https://movie.douban.com/subject/21937445/,https://img9.doubanio.com/view/photo/s_ratio_poster/public/p2158166535.jpg,辩护人,导演: 杨宇硕 Woo-seok Yang,2013,9.2,535792,电影的现实意义大过电影本身。
https://movie.douban.com/subject/1299131/,https://img1.doubanio.com/view/photo/s_ratio_poster/public/p2194138787.jpg,教父2,导演: 弗朗西斯·福特·科波拉 Francis Ford Coppola,1974,9.2,482430,优雅的孤独。
https://movie.douban.com/subject/1291548/,https://img3.doubanio.com/view/photo/s_ratio_poster/public/p2575465690.jpg,死亡诗社,导演: 彼得·威尔 Peter Weir,1989,9.1,628916,当一个死水般的体制内出现一个活跃的变数时，所有的腐臭都站在了光明的对面。
https://movie.douban.com/subject/1301753/,https://img1.doubanio.com/view/photo/s_ratio_poster/public/p2277799019.jpg,狮子王,导演: Roger Allers / 罗伯·明可夫 Rob Minkoff,1994,9.1,746530,动物版《哈姆雷特》。
https://movie.douban.com/subject/27060077/,https://img2.doubanio.com/view/photo/s_ratio_poster/public/p2549177902.jpg,绿皮书,导演: 彼得·法雷里 Peter Farrelly,2018,8.9,1433824,去除成见，需要勇气。
https://movie.douban.com/subject/1292000/,https://img1.doubanio.com/view/photo/s_ratio_poster/public/p1910926158.jpg,搏击俱乐部,导演: 大卫·芬奇 David Fincher,1999,9.0,762310,邪恶与平庸蛰伏于同一个母体，在特定的时间互相对峙。
https://movie.douban.com/subject/1291818/,https://img2.doubanio.com/view/photo/s_ratio_poster/public/p1910899751.jpg,饮食男女,导演: 李安 Ang Lee,1994,9.2,543798,人生不能像做菜，把所有的料都准备好了才下锅。
https://movie.douban.com/subject/1306029/,https://img3.doubanio.com/view/photo/s_ratio_poster/public/p1665997400.jpg,美丽心灵,导演: 朗·霍华德 Ron Howard,2001,9.1,687319,爱是一切逻辑和原由。
https://movie.douban.com/subject/1485260/,https://img2.doubanio.com/view/photo/s_ratio_poster/public/p2192535722.jpg,本杰明·巴顿奇事,导演: 大卫·芬奇 David Fincher,2008,9.0,884072,在时间之河里感受溺水之苦。
https://movie.douban.com/subject/1900841/,https://img1.doubanio.com/view/photo/s_ratio_poster/public/p1808872109.jpg,窃听风暴,导演: 弗洛里安·亨克尔·冯·多纳斯马尔克 Florian Henckel von Donnersmarck,2006,9.2,504570,别样人生。
https://movie.douban.com/subject/1292220/,https://img3.doubanio.com/view/photo/s_ratio_poster/public/p2648230660.jpg,情书,导演: 岩井俊二 Shunji Iwai,1995,8.9,959519,暗恋的极致。
https://movie.douban.com/subject/3008247/,https://img2.doubanio.com/view/photo/s_ratio_poster/public/p1473670352.jpg,穿条纹睡衣的男孩,导演: 马克·赫尔曼 Mark Herman,2008,9.2,484508,尽管有些不切实际的幻想，这部电影依旧是一部感人肺腑的佳作。
https://movie.douban.com/subject/1293350/,https://img1.doubanio.com/view/photo/s_ratio_poster/public/p792443418.jpg,两杆大烟枪,导演: Guy Ritchie,1998,9.1,539793,4个臭皮匠顶个诸葛亮，盖·里奇果然不是盖的。
https://movie.douban.com/subject/1292402/,https://img1.doubanio.com/view/photo/s_ratio_poster/public/p2441988159.jpg,西西里的美丽传说,导演: 朱塞佩·托纳多雷 Giuseppe Tornatore,2000,8.9,876545,美丽无罪。
https://movie.douban.com/subject/26580232/,https://img9.doubanio.com/view/photo/s_ratio_poster/public/p2498971355.jpg,看不见的客人,导演: 奥里奥尔·保罗 Oriol Paulo,2016,8.8,1114614,你以为你以为的就是你以为的。
https://movie.douban.com/subject/1292849/,https://img9.doubanio.com/view/photo/s_ratio_poster/public/p1014542496.jpg,拯救大兵瑞恩,导演: 史蒂文·斯皮尔伯格 Steven Spielberg,1998,9.1,581391,美利坚精神输出大片No1.
https://movie.douban.com/subject/1294408/,https://img1.doubanio.com/view/photo/s_ratio_poster/public/p453788577.jpg,音乐之声,导演: 罗伯特·怀斯 Robert Wise,1965,9.1,537841,用音乐化解仇恨，让歌声串起美好。
https://movie.douban.com/subject/1292224/,https://img1.doubanio.com/view/photo/s_ratio_poster/public/p792238287.jpg,飞越疯人院,导演: 米洛斯·福尔曼 Miloš Forman,1975,9.1,502451,自由万岁。
https://movie.douban.com/subject/1303021/,https://img9.doubanio.com/view/photo/s_ratio_poster/public/p2165511465.jpg,小鞋子,导演: 马基德·马基迪 Majid Majidi,1997,9.2,365427,奔跑的孩子是天使。
https://movie.douban.com/subject/1652587/,https://img2.doubanio.com/view/photo/s_ratio_poster/public/p2634997853.jpg,阿凡达,导演: 詹姆斯·卡梅隆 James Cameron,2009,8.8,1248839,绝对意义上的美轮美奂。
https://movie.douban.com/subject/3011235/,https://img2.doubanio.com/view/photo/s_ratio_poster/public/p917846733.jpg,哈利·波特与死亡圣器(下),导演: 大卫·叶茨 David Yates,2011,8.9,726326,10年的完美句点。
https://movie.douban.com/subject/1293544/,https://img1.doubanio.com/view/photo/s_ratio_poster/public/p1593414327.jpg,沉默的羔羊,导演: 乔纳森·戴米 Jonathan Demme,1991,8.9,783251,安东尼·霍普金斯的顶级表演。
https://movie.douban.com/subject/3442220/,https://img1.doubanio.com/view/photo/s_ratio_poster/public/p2559579779.jpg,海豚湾,导演: 路易·西霍尤斯 Louie Psihoyos,2009,9.3,332160,海豚的微笑，是世界上最高明的伪装。
https://movie.douban.com/subject/1780330/,https://img9.doubanio.com/view/photo/s_ratio_poster/public/p480383375.jpg,致命魔术,导演: 克里斯托弗·诺兰 Christopher Nolan,2006,8.9,770237,孪生蝙蝠侠大战克隆金刚狼。
https://movie.douban.com/subject/2334904/,https://img1.doubanio.com/view/photo/s_ratio_poster/public/p450262388.jpg,禁闭岛,导演: Martin Scorsese,2010,8.8,862204,昔日翩翩少年，今日大腹便便。
https://movie.douban.com/subject/1292262/,https://img1.doubanio.com/view/photo/s_ratio_poster/public/p477229647.jpg,美国往事,导演: 赛尔乔·莱翁内 Sergio Leone,1984,9.2,370210,往事如烟，无处祭奠。
https://movie.douban.com/subject/11525673/,https://img2.doubanio.com/view/photo/s_ratio_poster/public/p2178872593.jpg,布达佩斯大饭店,导演: 韦斯·安德森 Wes Anderson,2014,8.9,814269,小清新的故事里注入了大历史的情怀。
https://movie.douban.com/subject/1292343/,https://img1.doubanio.com/view/photo/s_ratio_poster/public/p2209066019.jpg,蝴蝶效应,导演: 埃里克·布雷斯 Eric Bress / J·麦基·格鲁伯 J. Mackye Gruber,2004,8.8,838844,人的命运被自己瞬间的抉择改变。
https://movie.douban.com/subject/1292656/,https://img9.doubanio.com/view/photo/s_ratio_poster/public/p480965695.jpg,心灵捕手,导演: 格斯·范·桑特 Gus Van Sant,1997,8.9,634313,人生中应该拥有这样的一段豁然开朗。
https://movie.douban.com/subject/1291832/,https://img2.doubanio.com/view/photo/s_ratio_poster/public/p1910902213.jpg,低俗小说,导演: 昆汀·塔伦蒂诺 Quentin Tarantino,1994,8.9,744934,故事的高级讲法。
https://movie.douban.com/subject/1292679/,https://img2.doubanio.com/view/photo/s_ratio_poster/public/p465939041.jpg,春光乍泄,导演: 王家卫 Kar Wai Wong,1997,9.0,561639,爱情纠缠，男女一致。
https://movie.douban.com/subject/1294371/,https://img1.doubanio.com/view/photo/s_ratio_poster/public/p2263408369.jpg,摩登时代,导演: 查理·卓别林 Charles Chaplin,1936,9.3,264733,大时代中的人生，小人物的悲喜。
https://movie.douban.com/subject/1292223/,https://img9.doubanio.com/view/photo/s_ratio_poster/public/p2219586434.jpg,七宗罪,导演: 大卫·芬奇 David Fincher,1995,8.8,858778,警察抓小偷，老鼠玩死猫。
https://movie.douban.com/subject/1302425/,https://img1.doubanio.com/view/photo/s_ratio_poster/public/p2579932167.jpg,喜剧之王,导演: 周星驰 Stephen Chow / 李力持 Lik-Chi Lee,1999,8.8,863463,我是一个演员。
https://movie.douban.com/subject/1297192/,https://img9.doubanio.com/view/photo/s_ratio_poster/public/p2558364386.jpg,致命ID,导演: 詹姆斯·曼高德 James Mangold,2003,8.8,726302,最不可能的那个人永远是最可能的。
https://movie.douban.com/subject/1300299/,https://img3.doubanio.com/view/photo/s_ratio_poster/public/p1633113220.jpg,杀人回忆,导演: 奉俊昊 Joon-ho Bong,2003,8.9,619536,关于连环杀人悬案的集体回忆。
https://movie.douban.com/subject/1787291/,https://img9.doubanio.com/view/photo/s_ratio_poster/public/p884763596.jpg,被嫌弃的松子的一生,导演: 中岛哲也 Tetsuya Nakashima,2006,8.9,645092,以戏谑来戏谑戏谑。
https://movie.douban.com/subject/1298070/,https://img9.doubanio.com/view/photo/s_ratio_poster/public/p1596085504.jpg,加勒比海盗,导演: 戈尔·维宾斯基 Gore Verbinski,2003,8.8,772736,约翰尼·德普的独角戏。
https://movie.douban.com/subject/1291543/,https://img1.doubanio.com/view/photo/s_ratio_poster/public/p2219011938.jpg,功夫,导演: 周星驰 Stephen Chow,2004,8.7,958798,警恶惩奸，维护世界和平这个任务就交给你了，好吗？
https://movie.douban.com/subject/1291544/,https://img1.doubanio.com/view/photo/s_ratio_poster/public/p1910812549.jpg,哈利·波特与阿兹卡班的囚徒,导演: Alfonso Cuarón,2004,8.9,612902,不一样的导演，不一样的哈利·波特。
https://movie.douban.com/subject/5322596/,https://img2.doubanio.com/view/photo/s_ratio_poster/public/p1305562621.jpg,超脱,导演: 托尼·凯耶 Tony Kaye,2011,9.0,484619,穷尽一生，我们要学会的，不过是彼此拥抱。
https://movie.douban.com/subject/1865703/,https://img3.doubanio.com/view/photo/s_ratio_poster/public/p456825720.jpg,红辣椒,导演: 今敏 Satoshi Kon,2006,9.0,393258,梦的勾结。
https://movie.douban.com/subject/6985810/,https://img1.doubanio.com/view/photo/s_ratio_poster/public/p1546987967.jpg,狩猎,导演: 托马斯·温特伯格 Thomas Vinterberg,2012,9.1,339660,人言可畏。
https://movie.douban.com/subject/26799731/,https://img3.doubanio.com/view/photo/s_ratio_poster/public/p2505525050.jpg,请以你的名字呼唤我,导演: 卢卡·瓜达尼诺 Luca Guadagnino,2017,8.9,631372,沉醉在电影的情感和视听氛围中无法自拔。
https://movie.douban.com/subject/1292370/,https://img1.doubanio.com/view/photo/s_ratio_poster/public/p480956937.jpg,剪刀手爱德华,导演: 蒂姆·波顿 Tim Burton,1990,8.7,957288,浪漫忧郁的成人童话。
https://movie.douban.com/subject/10777687/,https://img9.doubanio.com/view/photo/s_ratio_poster/public/p1816276065.jpg,7号房的礼物,导演: 李焕庆 Hwan-kyeong Lee,2013,8.9,493012,《我是山姆》的《美丽人生》。
https://movie.douban.com/subject/1294639/,https://img1.doubanio.com/view/photo/s_ratio_poster/public/p2004174709.jpg,勇敢的心,导演: 梅尔·吉布森 Mel Gibson,1995,8.9,520099,史诗大片的典范。
https://movie.douban.com/subject/1418834/,https://img1.doubanio.com/view/photo/s_ratio_poster/public/p2604889017.jpg,断背山,导演: 李安 Ang Lee,2005,8.8,644869,每个人心中都有一座断背山。
https://movie.douban.com/subject/1306249/,https://img9.doubanio.com/view/photo/s_ratio_poster/public/p2357915564.jpg,唐伯虎点秋香,导演: 李力持 Lik-Chi Lee,1993,8.7,955464,华太师是黄霑，吴镇宇四大才子之一。
https://movie.douban.com/subject/1292215/,https://img2.doubanio.com/view/photo/s_ratio_poster/public/p2447590313.jpg,天使爱美丽,导演: 让-皮埃尔·热内 Jean-Pierre Jeunet,2001,8.7,896981,法式小清新。 
https://movie.douban.com/subject/1297630/,https://img9.doubanio.com/view/photo/s_ratio_poster/public/p2220184425.jpg,第六感,导演: M·奈特·沙马兰 M. Night Shyamalan,1999,8.9,496443,深入内心的恐怖，出人意料的结局。
https://movie.douban.com/subject/2149806/,https://img9.doubanio.com/view/photo/s_ratio_poster/public/p2707581855.jpg,入殓师,导演: 泷田洋二郎 Yôjirô Takita,2008,8.9,583760,死可能是一道门，逝去并不是终结，而是超越，走向下一程。
https://movie.douban.com/subject/1291999/,https://img2.doubanio.com/view/photo/s_ratio_poster/public/p792381411.jpg,重庆森林,导演: 王家卫 Kar Wai Wong,1994,8.8,715254,寂寞没有期限。
https://movie.douban.com/subject/1297359/,https://img9.doubanio.com/view/photo/s_ratio_poster/public/p1613191025.jpg,幽灵公主,导演: 宫崎骏 Hayao Miyazaki,1997,8.9,473731,人与自然的战争史诗。
https://movie.douban.com/subject/1296339/,https://img9.doubanio.com/view/photo/s_ratio_poster/public/p2555762374.jpg,爱在黎明破晓前,导演: 理查德·林克莱特 Richard Linklater,1995,8.8,585773,缘分是个连绵词，最美不过一瞬。
https://movie.douban.com/subject/1296996/,https://img3.doubanio.com/view/photo/s_ratio_poster/public/p1082651990.jpg,哈利·波特与密室,导演: Chris Columbus,2002,8.8,639144,魔法的密室之门已打开...
https://movie.douban.com/subject/1292434/,https://img2.doubanio.com/view/photo/s_ratio_poster/public/p2567845803.jpg,一一,导演: 杨德昌 Edward Yang,2000,9.1,327265,我们都曾经是一一。
https://movie.douban.com/subject/25814705/,https://img2.doubanio.com/view/photo/s_ratio_poster/public/p2564498893.jpg,小森林 夏秋篇,导演: 森淳一 Junichi Mori,2014,9.0,381373,那些静得只能听见呼吸的日子里，你明白孤独即生活。
https://movie.douban.com/subject/1291875/,https://img9.doubanio.com/view/photo/s_ratio_poster/public/p2564685215.jpg,阳光灿烂的日子,导演: 姜文 Wen Jiang,1994,8.8,552716,一场华丽的意淫。
https://movie.douban.com/subject/3395373/,https://img9.doubanio.com/view/photo/s_ratio_poster/public/p1706428744.jpg,蝙蝠侠：黑暗骑士崛起,导演: 克里斯托弗·诺兰 Christopher Nolan,2012,8.8,643777,诺兰就是保证。
https://movie.douban.com/subject/1293359/,https://img9.doubanio.com/view/photo/s_ratio_poster/public/p2620392435.jpg,菊次郎的夏天,导演: 北野武 Takeshi Kitano,1999,8.9,525530,从没见过那么流氓的温柔，从没见过那么温柔的流氓。
https://movie.douban.com/subject/11026735/,https://img2.doubanio.com/view/photo/s_ratio_poster/public/p2614500883.jpg,超能陆战队,导演: 唐·霍尔 Don Hall / 克里斯·威廉姆斯 Chris Williams,2014,8.7,906008,Balalala~~~
https://movie.douban.com/subject/1300992/,https://img1.doubanio.com/view/photo/s_ratio_poster/public/p2190556408.jpg,完美的世界,导演: 克林特·伊斯特伍德 Clint Eastwood,1993,9.1,271309,坏人的好总是比好人的好来得更感人。
https://movie.douban.com/subject/1292337/,https://img2.doubanio.com/view/photo/s_ratio_poster/public/p661160053.jpg,无人知晓,导演: 是枝裕和 Hirokazu Koreeda,2004,9.1,276942,我的平常生活就是他人的幸福。
https://movie.douban.com/subject/21318488/,https://img9.doubanio.com/view/photo/s_ratio_poster/public/p2221768894.jpg,消失的爱人,导演: 大卫·芬奇 David Fincher,2014,8.7,825262,年度最佳date movie。
https://movie.douban.com/subject/1291990/,https://img1.doubanio.com/view/photo/s_ratio_poster/public/p2561542458.jpg,爱在日落黄昏时,导演: 理查德·林克莱特 Richard Linklater,2004,8.9,482736,九年后的重逢是世俗和责任的交叠，没了悸动和青涩，沧桑而温暖。
https://movie.douban.com/subject/25814707/,https://img1.doubanio.com/view/photo/s_ratio_poster/public/p2215147728.jpg,小森林 冬春篇,导演: 森淳一 Junichi Mori,2015,9.0,341527,尊敬他人，尊敬你生活的这片土地，明白孤独是人生的常态。
https://movie.douban.com/subject/1297447/,https://img9.doubanio.com/view/photo/s_ratio_poster/public/p2414157745.jpg,倩女幽魂,导演: 程小东 Siu-Tung Ching,1987,8.8,658948,两张绝世的脸。 
https://movie.douban.com/subject/4202302/,https://img9.doubanio.com/view/photo/s_ratio_poster/public/p617533616.jpg,借东西的小人阿莉埃蒂,导演: 米林宏昌 Hiromasa Yonebayashi,2010,8.9,490039,曾经的那段美好会沉淀为一辈子的记忆。
https://movie.douban.com/subject/1305164/,https://img9.doubanio.com/view/photo/s_ratio_poster/public/p2223011274.jpg,甜蜜蜜,导演: 陈可辛 Peter Chan,1996,8.9,468113,相逢只要一瞬间，等待却像是一辈子。
https://movie.douban.com/subject/1297052/,https://img2.doubanio.com/view/photo/s_ratio_poster/public/p456692072.jpg,侧耳倾听,导演: 近藤喜文 Yoshifumi Kondo,1995,8.9,412037,少女情怀总是诗。
https://movie.douban.com/subject/1292274/,https://img1.doubanio.com/view/photo/s_ratio_poster/public/p854757687.jpg,幸福终点站,导演: 史蒂文·斯皮尔伯格 Steven Spielberg,2004,8.8,500068,有时候幸福需要等一等。 
https://movie.douban.com/subject/5989818/,https://img2.doubanio.com/view/photo/s_ratio_poster/public/p1675053073.jpg,萤火之森,导演: 大森贵弘 Takahiro Omori,2011,8.9,469973,触不到的恋人。
https://movie.douban.com/subject/2353023/,https://img9.doubanio.com/view/photo/s_ratio_poster/public/p2210954024.jpg,驯龙高手,导演: 迪恩·德布洛斯 Dean DeBlois / 克里斯·桑德斯 Chris Sanders,2010,8.7,681401,和谐的生活离不开摸头与被摸头。
https://movie.douban.com/subject/10577869/,https://img9.doubanio.com/view/photo/s_ratio_poster/public/p2070153774.jpg,时空恋旅人,导演: 理查德·柯蒂斯 Richard Curtis,2013,8.8,568098,把每天当作最后一天般珍惜度过，积极拥抱生活，就是幸福。
https://movie.douban.com/subject/3072124/,https://img9.doubanio.com/view/photo/s_ratio_poster/public/p488255145.jpg,玛丽和马克思,导演: 亚当·艾略特 Adam Elliot,2009,8.9,391315,你是我最好的朋友，你是我唯一的朋友 。
https://movie.douban.com/subject/1291579/,https://img1.doubanio.com/view/photo/s_ratio_poster/public/p2513247938.jpg,怪兽电力公司,导演: 彼特·道格特 Pete Docter / 大卫·斯沃曼 David Silverman,2001,8.8,592669,不要给它起名字，起了名字就有感情了。
https://movie.douban.com/subject/1291545/,https://img9.doubanio.com/view/photo/s_ratio_poster/public/p692813374.jpg,大鱼,导演: 蒂姆·波顿 Tim Burton,2003,8.8,515273,抱着梦想而活着的人是幸福的，怀抱梦想而死去的人是不朽的。
https://movie.douban.com/subject/1294240/,https://img2.doubanio.com/view/photo/s_ratio_poster/public/p2169664351.jpg,教父3,导演: 弗朗西斯·福特·科波拉 Francis Ford Coppola,1990,9.0,324670,任何信念的力量，都无法改变命运。
https://movie.douban.com/subject/4268598/,https://img9.doubanio.com/view/photo/s_ratio_poster/public/p689520756.jpg,告白,导演: 中岛哲也 Tetsuya Nakashima,2010,8.8,617535,没有一人完全善，也没有一人完全恶。
https://movie.douban.com/subject/26628357/,https://img2.doubanio.com/view/photo/s_ratio_poster/public/p2406624993.jpg,一个叫欧维的男人决定去死,导演: 汉内斯·赫尔姆 Hannes Holm,2015,8.9,398874,惠及一生的美丽。
https://movie.douban.com/subject/1418200/,https://img1.doubanio.com/view/photo/s_ratio_poster/public/p2016401659.jpg,傲慢与偏见,导演: 乔·怀特 Joe Wright,2005,8.7,705791,爱是摈弃傲慢与偏见之后的曙光。
https://movie.douban.com/subject/1858711/,https://img1.doubanio.com/view/photo/s_ratio_poster/public/p1283675359.jpg,玩具总动员3,导演: 李·昂克里奇 Lee Unkrich,2010,8.9,456022,跨度十五年的欢乐与泪水。
https://movie.douban.com/subject/3287562/,https://img1.doubanio.com/view/photo/s_ratio_poster/public/p792776858.jpg,神偷奶爸,导演: 皮艾尔·柯芬 Pierre Coffin / 克里斯·雷纳德 Chris Renaud,2010,8.6,860167,Mr. I Don&#39;t Care其实也有Care的时候。
https://movie.douban.com/subject/4917726/,https://img1.doubanio.com/view/photo/s_ratio_poster/public/p1374786017.jpg,阳光姐妹淘,导演: 姜炯哲 Hyeong-Cheol Kang,2011,8.8,548907,再多各自牛逼的时光，也比不上一起傻逼的岁月。 
https://movie.douban.com/subject/1316510/,https://img9.doubanio.com/view/photo/s_ratio_poster/public/p2609063925.jpg,射雕英雄传之东成西就,导演: 刘镇伟 Jeffrey Lau,1993,8.7,573857,百看不厌。 
https://movie.douban.com/subject/25986180/,https://img1.doubanio.com/view/photo/s_ratio_poster/public/p2360940399.jpg,釜山行,导演: 延尚昊 Sang-ho Yeon,2016,8.6,1069432,揭露人性的丧尸题材力作。
https://movie.douban.com/subject/27010768/,https://img3.doubanio.com/view/photo/s_ratio_poster/public/p2561439800.jpg,寄生虫,导演: 奉俊昊 Joon-ho Bong,2019,8.8,1230075,恐怖分子的“秋菊打官司”。
https://movie.douban.com/subject/6307447/,https://img1.doubanio.com/view/photo/s_ratio_poster/public/p1800813767.jpg,被解救的姜戈,导演: 昆汀·塔伦蒂诺 Quentin Tarantino,2012,8.8,543563,热血沸腾，那个低俗、性感的无耻混蛋又来了。
https://movie.douban.com/subject/1395091/,https://img2.doubanio.com/view/photo/s_ratio_poster/public/p1351050722.jpg,未麻的部屋,导演: 今敏 Satoshi Kon,1997,9.0,274633,好的剧本是，就算你猜到了结局也猜不到全部。
https://movie.douban.com/subject/1307315/,https://img9.doubanio.com/view/photo/s_ratio_poster/public/p2532803206.jpg,哪吒闹海,导演: 王树忱 Shuchen Wang / 严定宪 Dingxian Yan,1979,9.1,228443,想你时你在闹海。
https://movie.douban.com/subject/26325320/,https://img1.doubanio.com/view/photo/s_ratio_poster/public/p2398141939.jpg,血战钢锯岭,导演: 梅尔·吉布森 Mel Gibson,2016,8.7,713163,优秀的战争片不会美化战场，不会粉饰死亡，不会矮化敌人，不会无视常识，最重要的，不会宣扬战争。
https://movie.douban.com/subject/4920389/,https://img1.doubanio.com/view/photo/s_ratio_poster/public/p2516578307.jpg,头号玩家,导演: 史蒂文·斯皮尔伯格 Steven Spielberg,2018,8.7,1230781,写给影迷，动漫迷和游戏迷的一封情书。
https://movie.douban.com/subject/1306861/,https://img9.doubanio.com/view/photo/s_ratio_poster/public/p652417775.jpg,我是山姆,导演: 杰茜·尼尔森 Jessie Nelson,2001,9.0,293580,爱并不需要智商 。
https://movie.douban.com/subject/1295399/,https://img9.doubanio.com/view/photo/s_ratio_poster/public/p2215886505.jpg,七武士,导演: 黑泽明 Akira Kurosawa,1954,9.3,173621,时代悲歌。
https://movie.douban.com/subject/10437779/,https://img1.doubanio.com/view/photo/s_ratio_poster/public/p1903379979.jpg,新世界,导演: 朴勋政 Hoon-jung Park,2013,8.9,348101,要做就做得狠一点，这样才能活下去。
https://movie.douban.com/subject/1303037/,https://img1.doubanio.com/view/photo/s_ratio_poster/public/p2249048907.jpg,喜宴,导演: 李安 Ang Lee,1993,8.9,310737,中国家庭的喜怒哀乐忍。
https://movie.douban.com/subject/10463953/,https://img2.doubanio.com/view/photo/s_ratio_poster/public/p2255040492.jpg,模仿游戏,导演: 莫滕·泰杜姆 Morten Tyldum,2014,8.7,563546,他给机器起名“克里斯托弗”，因为这是他初恋的名字。
https://movie.douban.com/subject/1302467/,https://img1.doubanio.com/view/photo/s_ratio_poster/public/p443461818.jpg,黑客帝国3：矩阵革命,导演: 拉娜·沃卓斯基 Lana Wachowski / 莉莉·沃卓斯基 Lilly Wachowski,2003,8.8,404350,不得不说，《黑客帝国》系列是商业片与科幻、哲学完美结合的典范。
https://movie.douban.com/subject/1291557/,https://img9.doubanio.com/view/photo/s_ratio_poster/public/p1910828286.jpg,花样年华,导演: 王家卫 Kar Wai Wong,2000,8.7,527037,偷情本没有这样美。
https://movie.douban.com/subject/1417598/,https://img9.doubanio.com/view/photo/s_ratio_poster/public/p726839485.jpg,电锯惊魂,导演: 詹姆斯·温 James Wan,2004,8.7,471259,真相就在眼前。
https://movie.douban.com/subject/10533913/,https://img9.doubanio.com/view/photo/s_ratio_poster/public/p2266293606.jpg,头脑特工队,导演: 彼特·道格特 Pete Docter / 罗纳尔多·德尔·卡门 Ronaldo Del Carmen,2015,8.8,538967,愿我们都不用长大，每一座城堡都能永远存在。
https://movie.douban.com/subject/26611804/,https://img1.doubanio.com/view/photo/s_ratio_poster/public/p2510081688.jpg,三块广告牌,导演: 马丁·麦克唐纳 Martin McDonagh,2017,8.7,743703,怼天怼地，你走后，她与世界为敌。
https://movie.douban.com/subject/1291822/,https://img2.doubanio.com/view/photo/s_ratio_poster/public/p470419493.jpg,卢旺达饭店,导演: 特瑞·乔治 Terry George,2004,8.9,290259,当这个世界闭上双眼，他却敞开了怀抱。
https://movie.douban.com/subject/26683290/,https://img1.doubanio.com/view/photo/s_ratio_poster/public/p2395733377.jpg,你的名字。,导演: 新海诚 Makoto Shinkai,2016,8.5,1243836,穿越错位的时空，仰望陨落的星辰，你没留下你的名字，我却无法忘记那句“我爱你”。
https://movie.douban.com/subject/1907966/,https://img1.doubanio.com/view/photo/s_ratio_poster/public/p1867084027.jpg,疯狂原始人,导演: 科克·德·米科 Kirk De Micco / 克里斯·桑德斯 Chris Sanders,2013,8.7,764630,老少皆宜，这就是好莱坞动画的魅力。
https://movie.douban.com/subject/1292208/,https://img3.doubanio.com/view/photo/s_ratio_poster/public/p455677490.jpg,上帝之城,导演: 费尔南多·梅里尔斯 Fernando Meirelles / 卡迪亚·兰德 Kátia Lund,2002,9.0,274519,被上帝抛弃了的上帝之城。
https://movie.douban.com/subject/1793929/,https://img1.doubanio.com/view/photo/s_ratio_poster/public/p2166160837.jpg,达拉斯买家俱乐部,导演: 让-马克·瓦雷 Jean-Marc Vallée,2013,8.8,405956,Jared Leto的腿比女人还美！
https://movie.douban.com/subject/1578507/,https://img1.doubanio.com/view/photo/s_ratio_poster/public/p792223507.jpg,谍影重重3,导演: 保罗·格林格拉斯 Paul Greengrass,2007,8.8,379435,像吃了苏打饼一样干脆的电影。
https://movie.douban.com/subject/1291585/,https://img2.doubanio.com/view/photo/s_ratio_poster/public/p1917567652.jpg,风之谷,导演: 宫崎骏 Hayao Miyazaki,1984,8.9,326009,动画片的圣经。
https://movie.douban.com/subject/1297574/,https://img1.doubanio.com/view/photo/s_ratio_poster/public/p2504997087.jpg,英雄本色,导演: 吴宇森 John Woo,1986,8.6,472860,英雄泪短，兄弟情长。 
https://movie.douban.com/subject/25917973/,https://img9.doubanio.com/view/photo/s_ratio_poster/public/p2276780256.jpg,心迷宫,导演: 忻钰坤 Yukun Xin,2014,8.7,456199,荒诞讽刺，千奇百巧，抽丝剥茧，百转千回。
https://movie.douban.com/subject/1295409/,https://img1.doubanio.com/view/photo/s_ratio_poster/public/p2597918718.jpg,纵横四海,导演: 吴宇森 John Woo,1991,8.8,372928,香港浪漫主义警匪动作片的巅峰之作。
https://movie.douban.com/subject/1293181/,https://img9.doubanio.com/view/photo/s_ratio_poster/public/p1021883305.jpg,惊魂记,导演: 阿尔弗雷德·希区柯克 Alfred Hitchcock,1960,9.0,243117,故事的反转与反转，分裂电影的始祖。
https://movie.douban.com/subject/1297518/,https://img3.doubanio.com/view/photo/s_ratio_poster/public/p648370300.jpg,九品芝麻官,导演: 王晶 Jing Wong,1994,8.7,575294,岁月流逝，来日可追。
https://movie.douban.com/subject/25895901/,https://img1.doubanio.com/view/photo/s_ratio_poster/public/p2603364117.jpg,海街日记,导演: 是枝裕和 Hirokazu Koreeda,2015,8.8,390397,是枝裕和的家庭习作。
https://movie.douban.com/subject/1304447/,https://img2.doubanio.com/view/photo/s_ratio_poster/public/p641688453.jpg,记忆碎片,导演: 克里斯托弗·诺兰 Christopher Nolan,2000,8.7,548099,一个针管引发的血案。
https://movie.douban.com/subject/1959195/,https://img9.doubanio.com/view/photo/s_ratio_poster/public/p2603716224.jpg,忠犬八公物语,导演: Seijirô Kôyama,1987,9.2,172448,养狗三日，便会对你终其一生。
https://movie.douban.com/subject/24750126/,https://img2.doubanio.com/view/photo/s_ratio_poster/public/p2584519452.jpg,荒蛮故事,导演: 达米安·斯兹弗隆 Damián Szifron,2014,8.8,394265,始于荒诞，止于更荒诞。
https://movie.douban.com/subject/1300374/,https://img2.doubanio.com/view/photo/s_ratio_poster/public/p767586451.jpg,绿里奇迹,导演: Frank Darabont,1999,8.9,283125,天使暂时离开。
https://movie.douban.com/subject/10808442/,https://img1.doubanio.com/view/photo/s_ratio_poster/public/p2074715729.jpg,爱在午夜降临前,导演: 理查德·林克莱特 Richard Linklater,2013,8.8,337963,所谓爱情，就是话唠一路，都不会心生腻烦，彼此嫌弃。
https://movie.douban.com/subject/25773932/,https://img2.doubanio.com/view/photo/s_ratio_poster/public/p2220776342.jpg,爆裂鼓手,导演: 达米恩·查泽雷 Damien Chazelle,2014,8.7,514247,这个世界从不善待努力的人，努力了也不一定会成功，但是知道自己在努力，就是活下去的动力。
https://movie.douban.com/subject/2209573/,https://img3.doubanio.com/view/photo/s_ratio_poster/public/p2434249040.jpg,贫民窟的百万富翁,导演: 丹尼·鲍尔 Danny Boyle / 洛芙琳·坦丹 Loveleen Tandan,2008,8.6,680783,上帝之城+猜火车+阿甘正传+开心辞典=山寨富翁
https://movie.douban.com/subject/1292401/,https://img3.doubanio.com/view/photo/s_ratio_poster/public/p475600770.jpg,真爱至上,导演: 理查德·柯蒂斯 Richard Curtis,2003,8.6,661685,爱，是个动词。
https://movie.douban.com/subject/27622447/,https://img9.doubanio.com/view/photo/s_ratio_poster/public/p2530599636.jpg,小偷家族,导演: 是枝裕和 Hirokazu Koreeda,2018,8.7,743122,我们组成了家。
https://movie.douban.com/subject/1292328/,https://img2.doubanio.com/view/photo/s_ratio_poster/public/p1982176012.jpg,东邪西毒,导演: 王家卫 Kar Wai Wong,1994,8.6,524638,电影诗。
https://movie.douban.com/subject/6534248/,https://img9.doubanio.com/view/photo/s_ratio_poster/public/p1735642656.jpg,无敌破坏王,导演: 瑞奇·莫尔 Rich Moore,2012,8.7,478754,迪士尼和皮克斯拿错剧本的产物。
https://movie.douban.com/subject/1828115/,https://img9.doubanio.com/view/photo/s_ratio_poster/public/p453716305.jpg,色，戒,导演: 李安 Ang Lee,2007,8.6,659922,假戏真情，爱欲深海
https://movie.douban.com/subject/1862151/,https://img2.doubanio.com/view/photo/s_ratio_poster/public/p712241453.jpg,疯狂的石头,导演: 宁浩 Hao Ning,2006,8.5,728956,中国版《两杆大烟枪》。
https://movie.douban.com/subject/1291578/,https://img1.doubanio.com/view/photo/s_ratio_poster/public/p1910895719.jpg,冰川时代,导演: 卡洛斯·沙尔丹哈 Carlos Saldanha / 克里斯·韦奇 Chris Wedge,2002,8.6,554494,松鼠才是角儿。
https://movie.douban.com/subject/1978709/,https://img9.doubanio.com/view/photo/s_ratio_poster/public/p2549648344.jpg,黑天鹅,导演: 达伦·阿罗诺夫斯基 Darren Aronofsky,2010,8.6,726318,黑暗之美。
https://movie.douban.com/subject/4848115/,https://img2.doubanio.com/view/photo/s_ratio_poster/public/p709670262.jpg,你看起来好像很好吃,导演: 藤森雅也 Masaya Fujimori,2010,8.9,299939,感情不分食草或者食肉。
https://movie.douban.com/subject/3011051/,https://img9.doubanio.com/view/photo/s_ratio_poster/public/p462470694.jpg,恐怖游轮,导演: 克里斯托弗·史密斯 Christopher Smith,2009,8.5,743698,不要企图在重复中寻找已经失去的爱。
https://movie.douban.com/subject/1293460/,https://img9.doubanio.com/view/photo/s_ratio_poster/public/p1612355875.jpg,雨中曲,导演: 斯坦利·多南 Stanley Donen / 吉恩·凯利 Gene Kelly,1952,9.1,191125,骨灰级歌舞片。
https://movie.douban.com/subject/1291870/,https://img2.doubanio.com/view/photo/s_ratio_poster/public/p2353324612.jpg,雨人,导演: 巴瑞·莱文森 Barry Levinson,1988,8.7,366830,生活在自己的世界里，也可以让周围的人显得可笑和渺小。
https://movie.douban.com/subject/1309163/,https://img9.doubanio.com/view/photo/s_ratio_poster/public/p483604864.jpg,恋恋笔记本,导演: 尼克·卡索维茨 Nick Cassavetes,2004,8.6,596858,爱情没有那么多借口，如果不能圆满，只能说明爱的不够。 
https://movie.douban.com/subject/1292226/,https://img9.doubanio.com/view/photo/s_ratio_poster/public/p2560717825.jpg,2001太空漫游,导演: 斯坦利·库布里克 Stanley Kubrick,1968,8.9,275086,现代科幻电影的开山之作，最伟大导演的最伟大影片。
https://movie.douban.com/subject/1307811/,https://img2.doubanio.com/view/photo/s_ratio_poster/public/p456676352.jpg,魔女宅急便,导演: 宫崎骏 Hayao Miyazaki,1989,8.7,409358,宫崎骏的电影总让人感觉世界是美好的，阳光明媚的。
https://movie.douban.com/subject/1293318/,https://img1.doubanio.com/view/photo/s_ratio_poster/public/p2237136718.jpg,萤火虫之墓,导演: 高畑勋 Isao Takahata,1988,8.7,375054,幸福是生生不息，却难以触及的远。 
https://movie.douban.com/subject/1293908/,https://img1.doubanio.com/view/photo/s_ratio_poster/public/p2170238828.jpg,城市之光,导演: Charles Chaplin,1931,9.3,125774,永远的小人物，伟大的卓别林。
https://movie.douban.com/subject/1308857/,https://img9.doubanio.com/view/photo/s_ratio_poster/public/p2363208684.jpg,可可西里,导演: 陆川 Chuan Lu,2004,8.8,268274,坚硬的信仰。
https://movie.douban.com/subject/1867345/,https://img1.doubanio.com/view/photo/s_ratio_poster/public/p1481879628.jpg,遗愿清单,导演: 罗伯·莱纳 Rob Reiner,2007,8.7,384455,用剩余不多的时间，去燃烧整个生命。
https://movie.douban.com/subject/27059130/,https://img2.doubanio.com/view/photo/s_ratio_poster/public/p2505928032.jpg,大佛普拉斯,导演: 黄信尧 Hsin-yao Huang,2017,8.7,387413,人们可以登上月球，却永远无法探索人们内心的宇宙。
https://movie.douban.com/subject/1296909/,https://img2.doubanio.com/view/photo/s_ratio_poster/public/p2399597512.jpg,虎口脱险,导演: 杰拉尔·乌里 Gérard Oury,1966,8.9,223642,永远看不腻的喜剧。
https://movie.douban.com/subject/1302827/,https://img1.doubanio.com/view/photo/s_ratio_poster/public/p792257137.jpg,人工智能,导演: 史蒂文·斯皮尔伯格 Steven Spielberg,2001,8.7,396715,对爱的执着，可以超越一切。
https://movie.douban.com/subject/1461403/,https://img9.doubanio.com/view/photo/s_ratio_poster/public/p2528965424.jpg,茶馆,导演: 谢添 Tian Xie,1982(中国大陆),9.5,95677,弱者送给弱者的一刀。
https://movie.douban.com/subject/4739952/,https://img2.doubanio.com/view/photo/s_ratio_poster/public/p1505312273.jpg,初恋这件小事,"导演: 普特鹏·普罗萨卡·那·萨克那卡林 Puttipong Promsaka Na Sakolnakorn / 华森·波克彭...<br>
                            2010",2003,8.7,401385,邓肯·琼斯继《月球》之后再度奉献出一部精彩绝伦的科幻佳作。
https://movie.douban.com/subject/25980443/,https://img9.doubanio.com/view/photo/s_ratio_poster/public/p2421855655.jpg,海边的曼彻斯特,导演: 肯尼斯·罗纳根 Kenneth Lonergan,2016,8.6,445913,我们都有权利不与自己的过去和解。
https://movie.douban.com/subject/1291879/,https://img2.doubanio.com/view/photo/s_ratio_poster/public/p1598883511.jpg,罗生门,导演: 黑泽明 Akira Kurosawa,1950,8.8,278461,人生的N种可能性。
https://movie.douban.com/subject/1310177/,https://img1.doubanio.com/view/photo/s_ratio_poster/public/p456703618.jpg,东京教父,导演: 今敏 Satoshi Kon,2003,9.0,180832,少见的超越首部的续集，动作片中的经典。
https://movie.douban.com/subject/26430107/,https://img1.doubanio.com/view/photo/s_ratio_poster/public/p2457609817.jpg,二十二,导演: 郭柯 Ke Guo,2015,8.7,269885,有一些东西不应该被遗忘。
https://movie.douban.com/subject/26787574/,https://img1.doubanio.com/view/photo/s_ratio_poster/public/p2507709428.jpg,奇迹男孩,导演: 斯蒂芬·卓博斯基 Stephen Chbosky,2017,8.6,507348,世界不完美，爱会有奇迹。
https://movie.douban.com/subject/1307856/,https://img1.doubanio.com/view/photo/s_ratio_poster/public/p2505048077.jpg,背靠背，脸对脸,导演: 黄建新 Jianxin Huang / 杨亚洲 Yazhou Yang,1994,9.5,98387,人生如此，浮生如斯。谁人言，花彼岸，此生情长意短。谁都是不懂爱的罢了。
https://movie.douban.com/subject/25724855/,https://img9.doubanio.com/view/photo/s_ratio_poster/public/p2259715855.jpg,房间,导演: 伦尼·阿伯拉罕森 Lenny Abrahamson,2015,8.8,341702,被偷走的岁月，被伤害的生命，被禁锢的灵魂，终将被希望和善意救赎。
https://movie.douban.com/subject/27119724/,https://img9.doubanio.com/view/photo/s_ratio_poster/public/p2567198874.jpg,小丑,导演: 托德·菲利普斯 Todd Phillips,2019,8.7,899281,嬉笑怒骂，调风动月。
https://movie.douban.com/subject/5300054/,https://img2.doubanio.com/view/photo/s_ratio_poster/public/p2549558913.jpg,波西米亚狂想曲,导演: 布莱恩·辛格 Bryan Singer,2018,8.6,531793,“多么美好的一天！”轰轰轰砰咚，啪哒哒哒轰隆隆，磅~
https://movie.douban.com/subject/1438652/,https://img1.doubanio.com/view/photo/s_ratio_poster/public/p2575043939.jpg,无耻混蛋,导演: Quentin Tarantino,2009,8.6,425307,昆汀同学越来越变态了，比北野武还杜琪峰。
https://movie.douban.com/subject/1293964/,https://img1.doubanio.com/view/photo/s_ratio_poster/public/p2351134499.jpg,魂断蓝桥,导演: 茂文·勒鲁瓦 Mervyn LeRoy,1940,8.8,248941,中国式内在的美国电影。
https://movie.douban.com/subject/1428175/,https://img2.doubanio.com/view/photo/s_ratio_poster/public/p1244017073.jpg,血钻,导演: 爱德华·兹威克 Edward Zwick,2006,8.7,336132,每个美丽事物背后都是滴血的现实。
https://movie.douban.com/subject/2222996/,https://img1.doubanio.com/view/photo/s_ratio_poster/public/p2375245718.jpg,步履不停,导演: 是枝裕和 Hirokazu Koreeda,2008,8.8,246042,日本的家庭电影已经是世界巅峰了，步履不停是巅峰中的佳作。
https://movie.douban.com/subject/1304141/,https://img3.doubanio.com/view/photo/s_ratio_poster/public/p443461390.jpg,黑客帝国2：重装上阵,导演: 拉娜·沃卓斯基 Lana Wachowski / 莉莉·沃卓斯基 Lilly Wachowski,2003,8.7,365874,一个精彩的世界观正在缓缓建立。
https://movie.douban.com/subject/1300117/,https://img9.doubanio.com/view/photo/s_ratio_poster/public/p2195672555.jpg,千钧一发,导演: 安德鲁·尼科尔 Andrew Niccol,1997,8.8,251916,一部能引人思考的科幻励志片。
https://movie.douban.com/subject/25807345/,https://img9.doubanio.com/view/photo/s_ratio_poster/public/p2187896734.jpg,彗星来的那一夜,导演: 詹姆斯·沃德·布柯特 James Ward Byrkit,2013,8.5,493300,小成本大魅力。
https://movie.douban.com/subject/1419936/,https://img2.doubanio.com/view/photo/s_ratio_poster/public/p792282381.jpg,战争之王,导演: 安德鲁·尼科尔 Andrew Niccol,2005,8.7,324805,做一颗让别人需要你的棋子。
https://movie.douban.com/subject/1959877/,https://img1.doubanio.com/view/photo/s_ratio_poster/public/p2627847859.jpg,崖上的波妞,导演: 宫崎骏 Hayao Miyazaki,2008,8.6,423628,传奇，不是每个人都可以拥有。
https://movie.douban.com/subject/1308767/,https://img9.doubanio.com/view/photo/s_ratio_poster/public/p667644866.jpg,谍影重重2,导演: 保罗·格林格拉斯 Paul Greengrass,2004,8.7,318091,谁说王家卫镜头很晃？
https://movie.douban.com/subject/25934014/,https://img9.doubanio.com/view/photo/s_ratio_poster/public/p2395517414.jpg,爱乐之城,导演: 达米恩·查泽雷 Damien Chazelle,2016,8.4,771003,大海啊，不全是水。
https://movie.douban.com/subject/1305690/,https://img2.doubanio.com/view/photo/s_ratio_poster/public/p2525770523.jpg,阿飞正传,导演: 王家卫 Kar Wai Wong,1990,8.5,451362,王家卫是一种风格，张国荣是一个代表。
https://movie.douban.com/subject/1304102/,https://img2.doubanio.com/view/photo/s_ratio_poster/public/p1597183981.jpg,谍影重重,导演: 道格·里曼 Doug Liman,2002,8.6,381996,哗啦啦啦啦，天在下雨，哗啦啦啦啦，云在哭泣……找自己。
https://movie.douban.com/subject/1937946/,https://img9.doubanio.com/view/photo/s_ratio_poster/public/p2079334286.jpg,穿越时空的少女,导演: 细田守 Mamoru Hosoda,2006,8.6,348007,爱上未来的你。 
https://movie.douban.com/subject/6874403/,https://img2.doubanio.com/view/photo/s_ratio_poster/public/p2250287733.jpg,再次出发之纽约遇见你,导演: 约翰·卡尼 John Carney,2013,8.6,385512,爱我就给我看你的播放列表。
https://movie.douban.com/subject/1760622/,https://img2.doubanio.com/view/photo/s_ratio_poster/public/p2571500223.jpg,香水,导演: 汤姆·提克威 Tom Tykwer,2006,8.5,499083,一个单凭体香达到高潮的男人。
https://movie.douban.com/subject/2363506/,https://img1.doubanio.com/view/photo/s_ratio_poster/public/p2197897857.jpg,地球上的星星,导演: 阿米尔·汗 Aamir Khan,2007,8.9,185939,天使保护事件始末。
https://movie.douban.com/subject/5908478/,https://img1.doubanio.com/view/photo/s_ratio_poster/public/p1075591188.jpg,我爱你,导演: 秋昌民 Chang-min Choo,2011,9.1,149064,你要相信，这世上真的有爱存在，不管在什么年纪 
https://movie.douban.com/subject/2213597/,https://img1.doubanio.com/view/photo/s_ratio_poster/public/p1140984198.jpg,朗读者,导演: 史蒂芬·戴德利 Stephen Daldry,2008,8.6,420641,当爱情跨越年龄的界限，它似乎能变得更久远一点，成为一种责任，一种水到渠成的相濡以沫。 
https://movie.douban.com/subject/25864085/,https://img2.doubanio.com/view/photo/s_ratio_poster/public/p2280097442.jpg,火星救援,导演: 雷德利·斯科特 Ridley Scott,2015,8.5,636051,来啊，互相伤害啊！
https://movie.douban.com/subject/1291992/,https://img9.doubanio.com/view/photo/s_ratio_poster/public/p1910924635.jpg,末路狂花,导演: 雷德利·斯科特 Ridley Scott,1991,8.8,204542,没有了退路，只好飞向自由。
https://movie.douban.com/subject/24733428/,https://img9.doubanio.com/view/photo/s_ratio_poster/public/p2626308994.jpg,心灵奇旅,导演: 彼特·道格特 Pete Docter / 凯普·鲍尔斯 Kemp Powers,2020,8.7,833385,爱情是一场没有尽头的虚幻追逐。
https://movie.douban.com/subject/25921812/,https://img2.doubanio.com/view/photo/s_ratio_poster/public/p2393044761.jpg,驴得水,导演: 周申 Shen Zhou / 刘露 Lu Liu,2016,8.3,835381,过去的如果就让它过去了，未来只会越来越糟！
https://movie.douban.com/subject/25954475/,https://img1.doubanio.com/view/photo/s_ratio_poster/public/p2263822658.jpg,聚焦,导演: 托马斯·麦卡锡 Thomas McCarthy,2015,8.8,250165,新闻人的理性求真。
https://movie.douban.com/subject/26393561/,https://img9.doubanio.com/view/photo/s_ratio_poster/public/p2510956726.jpg,小萝莉的猴神大叔,导演: 卡比尔·汗 Kabir Khan,2015,8.4,446486,宝莱坞的萝莉与大叔。
